-- phpMyAdmin SQL Dump
-- version 4.6.6deb4
-- https://www.phpmyadmin.net/
--
-- Host: localhost:3306
-- Generation Time: Nov 23, 2017 at 07:59 PM
-- Server version: 10.1.23-MariaDB-9+deb9u1
-- PHP Version: 7.0.19-1

SET SQL_MODE = "NO_AUTO_VALUE_ON_ZERO";
SET time_zone = "+00:00";


/*!40101 SET @OLD_CHARACTER_SET_CLIENT=@@CHARACTER_SET_CLIENT */;
/*!40101 SET @OLD_CHARACTER_SET_RESULTS=@@CHARACTER_SET_RESULTS */;
/*!40101 SET @OLD_COLLATION_CONNECTION=@@COLLATION_CONNECTION */;
/*!40101 SET NAMES utf8mb4 */;

--
-- Database: `SIMP2`
--

-- --------------------------------------------------------

--
-- Table structure for table `alarmas`
--

CREATE TABLE `alarmas` (
  `id` int(11) NOT NULL,
  `id_arduino` int(11) NOT NULL,
  `id_sensor` int(11) NOT NULL,
  `mensaje` varchar(1000) NOT NULL
) ENGINE=InnoDB DEFAULT CHARSET=utf8mb4;

--
-- Dumping data for table `alarmas`
--

INSERT INTO `alarmas` (`id`, `id_arduino`, `id_sensor`, `mensaje`) VALUES
(1, 1, 1, 'Valores por encima');

-- --------------------------------------------------------

--
-- Table structure for table `alarmas_configuracion`
--

CREATE TABLE `alarmas_configuracion` (
  `id` int(11) NOT NULL,
  `id_arduino` int(11) NOT NULL,
  `id_sensores` int(11) NOT NULL,
  `correo` varchar(100) NOT NULL,
  `valor_minimo` int(10) NOT NULL,
  `valor_maximo` int(10) NOT NULL
) ENGINE=InnoDB DEFAULT CHARSET=utf8mb4;

--
-- Dumping data for table `alarmas_configuracion`
--

INSERT INTO `alarmas_configuracion` (`id`, `id_arduino`, `id_sensores`, `correo`, `valor_minimo`, `valor_maximo`) VALUES
(1, 1, 2, 'lchavez17@ucol.mx', 20, 40),
(2, 1, 3, 'leonchavez@gmail.com', 30, 70);

-- --------------------------------------------------------

--
-- Table structure for table `arduinos`
--

CREATE TABLE `arduinos` (
  `id_arduinos` int(10) NOT NULL,
  `nombre_arduino` varchar(50) NOT NULL,
  `ubicacion` varchar(100) NOT NULL,
  `activo` tinyint(1) NOT NULL
) ENGINE=InnoDB DEFAULT CHARSET=utf8mb4;

--
-- Dumping data for table `arduinos`
--

INSERT INTO `arduinos` (`id_arduinos`, `nombre_arduino`, `ubicacion`, `activo`) VALUES
(1, 'Arduino1', 'tecoman', 1);

-- --------------------------------------------------------

--
-- Table structure for table `mediciones`
--

CREATE TABLE `mediciones` (
  `id_mediciones` int(11) NOT NULL,
  `id_sensor` int(11) NOT NULL,
  `id_arduino` int(100) NOT NULL,
  `valor` float NOT NULL,
  `fecha` timestamp NOT NULL DEFAULT CURRENT_TIMESTAMP ON UPDATE CURRENT_TIMESTAMP
) ENGINE=InnoDB DEFAULT CHARSET=utf8mb4;

--
-- Dumping data for table `mediciones`
--

INSERT INTO `mediciones` (`id_mediciones`, `id_sensor`, `id_arduino`, `valor`, `fecha`) VALUES
(270, 1, 1, 31.2, '2017-11-17 03:56:01'),
(271, 2, 1, 65.6, '2017-11-17 03:56:01'),
(272, 3, 1, 4, '2017-11-17 03:56:01'),
(273, 4, 1, 1023, '2017-11-17 03:56:01'),
(274, 1, 1, 31.2, '2017-11-17 03:58:02'),
(275, 2, 1, 65.5, '2017-11-17 03:58:02'),
(276, 3, 1, -505, '2017-11-17 03:58:02'),
(277, 4, 1, 1023, '2017-11-17 03:58:02'),
(278, 1, 1, 31.2, '2017-11-17 04:04:01'),
(279, 2, 1, 65.2, '2017-11-17 04:04:01'),
(280, 3, 1, -513, '2017-11-17 04:04:01'),
(281, 4, 1, 1023, '2017-11-17 04:04:01'),
(282, 1, 1, 31.2, '2017-11-17 04:06:02'),
(283, 2, 1, 65.2, '2017-11-17 04:06:02'),
(284, 3, 1, 4, '2017-11-17 04:06:02'),
(285, 4, 1, 1023, '2017-11-17 04:06:02'),
(286, 1, 1, 31.2, '2017-11-17 04:08:01'),
(287, 2, 1, 65, '2017-11-17 04:08:01'),
(288, 3, 1, 4, '2017-11-17 04:08:01'),
(289, 4, 1, 1023, '2017-11-17 04:08:01'),
(290, 1, 1, 31.2, '2017-11-17 04:10:02'),
(291, 2, 1, 64.7, '2017-11-17 04:10:02'),
(292, 3, 1, -493, '2017-11-17 04:10:02'),
(293, 4, 1, 1023, '2017-11-17 04:10:02'),
(294, 1, 1, 31.2, '2017-11-17 04:12:01'),
(295, 2, 1, 65.4, '2017-11-17 04:12:01'),
(296, 3, 1, 4, '2017-11-17 04:12:01'),
(297, 4, 1, 1023, '2017-11-17 04:12:01'),
(298, 1, 1, 31.3, '2017-11-17 04:14:02'),
(299, 2, 1, 65.5, '2017-11-17 04:14:02'),
(300, 3, 1, -494, '2017-11-17 04:14:02'),
(301, 4, 1, 1023, '2017-11-17 04:14:02'),
(302, 1, 1, 31.3, '2017-11-17 04:16:01'),
(303, 2, 1, 65.5, '2017-11-17 04:16:01'),
(304, 3, 1, 4, '2017-11-17 04:16:01'),
(305, 4, 1, 1023, '2017-11-17 04:16:01'),
(306, 1, 1, 31.3, '2017-11-17 04:18:01'),
(307, 2, 1, 65.5, '2017-11-17 04:18:01'),
(308, 3, 1, 8, '2017-11-17 04:18:01'),
(309, 4, 1, 1023, '2017-11-17 04:18:01'),
(310, 1, 1, 31.3, '2017-11-17 04:20:01'),
(311, 2, 1, 65.4, '2017-11-17 04:20:01'),
(312, 3, 1, 8, '2017-11-17 04:20:01'),
(313, 4, 1, 1023, '2017-11-17 04:20:01'),
(314, 1, 1, 31.2, '2017-11-17 04:22:02'),
(315, 2, 1, 65.6, '2017-11-17 04:22:02'),
(316, 3, 1, 8, '2017-11-17 04:22:02'),
(317, 4, 1, 1023, '2017-11-17 04:22:02'),
(318, 1, 1, 31.3, '2017-11-17 04:24:01'),
(319, 2, 1, 65.6, '2017-11-17 04:24:01'),
(320, 3, 1, 8, '2017-11-17 04:24:01'),
(321, 4, 1, 1023, '2017-11-17 04:24:01'),
(322, 1, 1, 31.3, '2017-11-17 04:26:02'),
(323, 2, 1, 66, '2017-11-17 04:26:02'),
(324, 3, 1, 6, '2017-11-17 04:26:02'),
(325, 4, 1, 1023, '2017-11-17 04:26:02'),
(326, 1, 1, 25.3, '2017-11-17 04:28:01'),
(327, 2, 1, 28.7, '2017-11-17 04:28:01'),
(328, 3, 1, 6, '2017-11-17 04:28:01'),
(329, 4, 1, 1019, '2017-11-17 04:28:01'),
(330, 1, 1, 26.4, '2017-11-17 04:29:36'),
(331, 2, 1, 85.4, '2017-11-17 04:29:36'),
(332, 3, 1, 6, '2017-11-17 04:29:36'),
(333, 4, 1, 1023, '2017-11-17 04:29:36'),
(334, 1, 1, 27, '2017-11-17 04:30:01'),
(335, 2, 1, 82.9, '2017-11-17 04:30:01'),
(336, 3, 1, 6, '2017-11-17 04:30:01'),
(337, 4, 1, 1023, '2017-11-17 04:30:01'),
(338, 1, 1, 28.7, '2017-11-17 04:32:01'),
(339, 2, 1, 74.4, '2017-11-17 04:32:01'),
(340, 3, 1, 8, '2017-11-17 04:32:01'),
(341, 4, 1, 1023, '2017-11-17 04:32:02'),
(342, 1, 1, 29.6, '2017-11-17 04:34:01'),
(343, 2, 1, 70.3, '2017-11-17 04:34:01'),
(344, 3, 1, 7, '2017-11-17 04:34:01'),
(345, 4, 1, 456, '2017-11-17 04:34:01'),
(346, 1, 1, 30, '2017-11-17 04:36:01'),
(347, 2, 1, 69.5, '2017-11-17 04:36:01'),
(348, 3, 1, 7, '2017-11-17 04:36:01'),
(349, 4, 1, 422, '2017-11-17 04:36:01'),
(350, 1, 1, 30.2, '2017-11-17 04:38:01'),
(351, 2, 1, 67.5, '2017-11-17 04:38:01'),
(352, 3, 1, 6, '2017-11-17 04:38:01'),
(353, 4, 1, 419, '2017-11-17 04:38:01'),
(354, 1, 1, 30.4, '2017-11-17 04:40:01'),
(355, 2, 1, 66.5, '2017-11-17 04:40:01'),
(356, 3, 1, 6, '2017-11-17 04:40:01'),
(357, 4, 1, 419, '2017-11-17 04:40:01'),
(358, 1, 1, 30.4, '2017-11-17 04:42:01'),
(359, 2, 1, 65.9, '2017-11-17 04:42:01'),
(360, 3, 1, 6, '2017-11-17 04:42:01'),
(361, 4, 1, 420, '2017-11-17 04:42:01'),
(362, 1, 1, 30.8, '2017-11-17 05:00:01'),
(363, 2, 1, 64.1, '2017-11-17 05:00:01'),
(364, 3, 1, 100, '2017-11-17 05:00:01'),
(365, 4, 1, 1023, '2017-11-17 05:00:01'),
(366, 1, 1, 31.1, '2017-11-17 05:30:01'),
(367, 2, 1, 59.5, '2017-11-17 05:30:01'),
(368, 3, 1, 176, '2017-11-17 05:30:01'),
(369, 4, 1, 1023, '2017-11-17 05:30:01'),
(370, 1, 1, 31, '2017-11-17 06:00:02'),
(371, 2, 1, 58.9, '2017-11-17 06:00:02'),
(372, 3, 1, 174, '2017-11-17 06:00:02'),
(373, 4, 1, 1023, '2017-11-17 06:00:02'),
(374, 1, 1, 30.5, '2017-11-17 06:30:01'),
(375, 2, 1, 60.6, '2017-11-17 06:30:01'),
(376, 3, 1, 173, '2017-11-17 06:30:01'),
(377, 4, 1, 1023, '2017-11-17 06:30:01'),
(378, 1, 1, 30.6, '2017-11-17 07:00:01'),
(379, 2, 1, 61.3, '2017-11-17 07:00:01'),
(380, 3, 1, 175, '2017-11-17 07:00:01'),
(381, 4, 1, 1023, '2017-11-17 07:00:01'),
(382, 1, 1, 30.5, '2017-11-17 07:30:02'),
(383, 2, 1, 60.7, '2017-11-17 07:30:02'),
(384, 3, 1, 174, '2017-11-17 07:30:02'),
(385, 4, 1, 1023, '2017-11-17 07:30:02'),
(386, 1, 1, 30.5, '2017-11-17 08:00:04'),
(387, 2, 1, 60.2, '2017-11-17 08:00:19'),
(388, 3, 1, 173, '2017-11-17 08:00:20'),
(389, 4, 1, 1023, '2017-11-17 08:00:23'),
(390, 1, 1, 30.7, '2017-11-17 08:30:02'),
(391, 2, 1, 59, '2017-11-17 08:30:02'),
(392, 3, 1, 174, '2017-11-17 08:30:02'),
(393, 4, 1, 1023, '2017-11-17 08:30:02'),
(394, 1, 1, 30.7, '2017-11-17 09:00:02'),
(395, 2, 1, 58.3, '2017-11-17 09:00:02'),
(396, 3, 1, 174, '2017-11-17 09:00:02'),
(397, 4, 1, 1023, '2017-11-17 09:00:02'),
(398, 1, 1, 30.7, '2017-11-17 09:30:01'),
(399, 2, 1, 58.3, '2017-11-17 09:30:01'),
(400, 3, 1, 173, '2017-11-17 09:30:01'),
(401, 4, 1, 1023, '2017-11-17 09:30:01'),
(402, 1, 1, 30.6, '2017-11-17 10:00:02'),
(403, 2, 1, 58.4, '2017-11-17 10:00:02'),
(404, 3, 1, 175, '2017-11-17 10:00:02'),
(405, 4, 1, 1023, '2017-11-17 10:00:02'),
(406, 1, 1, 30.5, '2017-11-17 10:30:01'),
(407, 2, 1, 57.7, '2017-11-17 10:30:01'),
(408, 3, 1, 174, '2017-11-17 10:30:01'),
(409, 4, 1, 1023, '2017-11-17 10:30:01'),
(410, 1, 1, 30.4, '2017-11-17 11:00:01'),
(411, 2, 1, 57.3, '2017-11-17 11:00:01'),
(412, 3, 1, 175, '2017-11-17 11:00:01'),
(413, 4, 1, 1023, '2017-11-17 11:00:01'),
(414, 1, 1, 30.4, '2017-11-17 11:30:02'),
(415, 2, 1, 57.2, '2017-11-17 11:30:02'),
(416, 3, 1, 174, '2017-11-17 11:30:02'),
(417, 4, 1, 1023, '2017-11-17 11:30:02'),
(418, 1, 1, 30.3, '2017-11-17 12:00:01'),
(419, 2, 1, 56.9, '2017-11-17 12:00:01'),
(420, 3, 1, 175, '2017-11-17 12:00:01'),
(421, 4, 1, 1023, '2017-11-17 12:00:01'),
(422, 1, 1, 30.2, '2017-11-17 12:30:02'),
(423, 2, 1, 56.2, '2017-11-17 12:30:02'),
(424, 3, 1, 174, '2017-11-17 12:30:02'),
(425, 4, 1, 1023, '2017-11-17 12:30:02'),
(426, 1, 1, 30.1, '2017-11-17 13:00:01'),
(427, 2, 1, 56.4, '2017-11-17 13:00:01'),
(428, 3, 1, 174, '2017-11-17 13:00:01'),
(429, 4, 1, 1023, '2017-11-17 13:00:01'),
(430, 1, 1, 30, '2017-11-17 13:30:01'),
(431, 2, 1, 56.7, '2017-11-17 13:30:01'),
(432, 3, 1, 174, '2017-11-17 13:30:01'),
(433, 4, 1, 1023, '2017-11-17 13:30:01'),
(434, 1, 1, 29.9, '2017-11-17 14:00:01'),
(435, 2, 1, 55.7, '2017-11-17 14:00:01'),
(436, 3, 1, 174, '2017-11-17 14:00:01'),
(437, 4, 1, 1023, '2017-11-17 14:00:02'),
(438, 1, 1, 29.9, '2017-11-17 14:30:01'),
(439, 2, 1, 54.9, '2017-11-17 14:30:01'),
(440, 3, 1, 176, '2017-11-17 14:30:01'),
(441, 4, 1, 1023, '2017-11-17 14:30:01'),
(442, 1, 1, 29.7, '2017-11-17 15:00:02'),
(443, 2, 1, 55.5, '2017-11-17 15:00:02'),
(444, 3, 1, 175, '2017-11-17 15:00:02'),
(445, 4, 1, 1023, '2017-11-17 15:00:02'),
(446, 1, 1, 29.7, '2017-11-17 15:30:01'),
(447, 2, 1, 56.3, '2017-11-17 15:30:01'),
(448, 3, 1, 175, '2017-11-17 15:30:01'),
(449, 4, 1, 1023, '2017-11-17 15:30:01'),
(450, 1, 1, 29.8, '2017-11-17 16:00:01'),
(451, 2, 1, 55.9, '2017-11-17 16:00:01'),
(452, 3, 1, 174, '2017-11-17 16:00:01'),
(453, 4, 1, 1023, '2017-11-17 16:00:01'),
(454, 1, 1, 29.8, '2017-11-17 16:30:02'),
(455, 2, 1, 55.3, '2017-11-17 16:30:02'),
(456, 3, 1, 176, '2017-11-17 16:30:02'),
(457, 4, 1, 1023, '2017-11-17 16:30:02'),
(458, 1, 1, 29.8, '2017-11-17 17:00:01'),
(459, 2, 1, 54.5, '2017-11-17 17:00:01'),
(460, 3, 1, 174, '2017-11-17 17:00:01'),
(461, 4, 1, 1023, '2017-11-17 17:00:01'),
(462, 1, 1, 29.6, '2017-11-17 17:30:01'),
(463, 2, 1, 54.6, '2017-11-17 17:30:01'),
(464, 3, 1, 175, '2017-11-17 17:30:01'),
(465, 4, 1, 1023, '2017-11-17 17:30:01'),
(466, 1, 1, 29.8, '2017-11-17 18:00:02'),
(467, 2, 1, 51.8, '2017-11-17 18:00:02'),
(468, 3, 1, 175, '2017-11-17 18:00:02'),
(469, 4, 1, 1021, '2017-11-17 18:00:02'),
(470, 1, 1, 30.1, '2017-11-17 18:30:01'),
(471, 2, 1, 49.8, '2017-11-17 18:30:01'),
(472, 3, 1, 173, '2017-11-17 18:30:01'),
(473, 4, 1, 1021, '2017-11-17 18:30:01'),
(474, 1, 1, 30.5, '2017-11-17 19:00:01'),
(475, 2, 1, 48, '2017-11-17 19:00:01'),
(476, 3, 1, 174, '2017-11-17 19:00:01'),
(477, 4, 1, 1021, '2017-11-17 19:00:01'),
(478, 1, 1, 30.5, '2017-11-17 19:30:01'),
(479, 2, 1, 44.5, '2017-11-17 19:30:01'),
(480, 3, 1, 173, '2017-11-17 19:30:01'),
(481, 4, 1, 1021, '2017-11-17 19:30:01'),
(482, 1, 1, 30.9, '2017-11-17 20:00:01'),
(483, 2, 1, 45.4, '2017-11-17 20:00:01'),
(484, 3, 1, 174, '2017-11-17 20:00:01'),
(485, 4, 1, 1021, '2017-11-17 20:00:01'),
(486, 1, 1, 31.1, '2017-11-17 20:30:02'),
(487, 2, 1, 45.1, '2017-11-17 20:30:02'),
(488, 3, 1, 173, '2017-11-17 20:30:02'),
(489, 4, 1, 1021, '2017-11-17 20:30:02'),
(490, 1, 1, 31.3, '2017-11-17 21:00:01'),
(491, 2, 1, 45.9, '2017-11-17 21:00:01'),
(492, 3, 1, 173, '2017-11-17 21:00:01'),
(493, 4, 1, 1021, '2017-11-17 21:00:01'),
(494, 1, 1, 31.4, '2017-11-17 21:30:01'),
(495, 2, 1, 52.3, '2017-11-17 21:30:01'),
(496, 3, 1, 173, '2017-11-17 21:30:01'),
(497, 4, 1, 1021, '2017-11-17 21:30:01'),
(498, 1, 1, 31.1, '2017-11-17 22:00:01'),
(499, 2, 1, 55.8, '2017-11-17 22:00:02'),
(500, 3, 1, 176, '2017-11-17 22:00:02'),
(501, 4, 1, 1021, '2017-11-17 22:00:02'),
(502, 1, 1, 31, '2017-11-17 22:30:01'),
(503, 2, 1, 58.2, '2017-11-17 22:30:01'),
(504, 3, 1, 173, '2017-11-17 22:30:01'),
(505, 4, 1, 1021, '2017-11-17 22:30:01'),
(506, 1, 1, 30.9, '2017-11-17 23:00:02'),
(507, 2, 1, 58.6, '2017-11-17 23:00:02'),
(508, 3, 1, 175, '2017-11-17 23:00:02'),
(509, 4, 1, 1021, '2017-11-17 23:00:02'),
(510, 1, 1, 30.7, '2017-11-17 23:30:01'),
(511, 2, 1, 59, '2017-11-17 23:30:01'),
(512, 3, 1, 173, '2017-11-17 23:30:01'),
(513, 4, 1, 1021, '2017-11-17 23:30:01'),
(514, 1, 1, 30.6, '2017-11-18 00:00:01'),
(515, 2, 1, 59.4, '2017-11-18 00:00:01'),
(516, 3, 1, 174, '2017-11-18 00:00:01'),
(517, 4, 1, 1021, '2017-11-18 00:00:01'),
(518, 1, 1, 30.5, '2017-11-18 00:30:02'),
(519, 2, 1, 59.6, '2017-11-18 00:30:02'),
(520, 3, 1, 175, '2017-11-18 00:30:02'),
(521, 4, 1, 1021, '2017-11-18 00:30:02'),
(522, 1, 1, 30.4, '2017-11-18 01:00:01'),
(523, 2, 1, 60, '2017-11-18 01:00:01'),
(524, 3, 1, 175, '2017-11-18 01:00:01'),
(525, 4, 1, 1021, '2017-11-18 01:00:01'),
(526, 1, 1, 30.4, '2017-11-18 01:30:01'),
(527, 2, 1, 60.8, '2017-11-18 01:30:01'),
(528, 3, 1, 176, '2017-11-18 01:30:01'),
(529, 4, 1, 1021, '2017-11-18 01:30:01'),
(530, 1, 1, 30.2, '2017-11-18 02:00:02'),
(531, 2, 1, 61.4, '2017-11-18 02:00:02'),
(532, 3, 1, 174, '2017-11-18 02:00:02'),
(533, 4, 1, 1021, '2017-11-18 02:00:02'),
(534, 1, 1, 29.8, '2017-11-18 02:30:02'),
(535, 2, 1, 64.7, '2017-11-18 02:30:02'),
(536, 3, 1, 173, '2017-11-18 02:30:02'),
(537, 4, 1, 1021, '2017-11-18 02:30:02'),
(538, 1, 1, 29.9, '2017-11-18 03:00:01'),
(539, 2, 1, 65.3, '2017-11-18 03:00:01'),
(540, 3, 1, 174, '2017-11-18 03:00:01'),
(541, 4, 1, 1021, '2017-11-18 03:00:01'),
(542, 1, 1, 30.2, '2017-11-18 03:30:01'),
(543, 2, 1, 64.4, '2017-11-18 03:30:01'),
(544, 3, 1, 175, '2017-11-18 03:30:01'),
(545, 4, 1, 1021, '2017-11-18 03:30:01'),
(546, 1, 1, 30.4, '2017-11-18 04:00:01'),
(547, 2, 1, 63.5, '2017-11-18 04:00:01'),
(548, 3, 1, 174, '2017-11-18 04:00:01'),
(549, 4, 1, 1021, '2017-11-18 04:00:01'),
(550, 1, 1, 30.4, '2017-11-18 04:30:02'),
(551, 2, 1, 62.4, '2017-11-18 04:30:02'),
(552, 3, 1, 174, '2017-11-18 04:30:02'),
(553, 4, 1, 1021, '2017-11-18 04:30:02'),
(554, 1, 1, 30.4, '2017-11-18 05:00:01'),
(555, 2, 1, 62.1, '2017-11-18 05:00:01'),
(556, 3, 1, 175, '2017-11-18 05:00:01'),
(557, 4, 1, 1021, '2017-11-18 05:00:01'),
(558, 1, 1, 29.7, '2017-11-18 05:30:01'),
(559, 2, 1, 65.1, '2017-11-18 05:30:01'),
(560, 3, 1, 176, '2017-11-18 05:30:01'),
(561, 4, 1, 1022, '2017-11-18 05:30:01'),
(562, 1, 1, 30.1, '2017-11-18 06:00:01'),
(563, 2, 1, 65, '2017-11-18 06:00:01'),
(564, 3, 1, 173, '2017-11-18 06:00:01'),
(565, 4, 1, 1022, '2017-11-18 06:00:01'),
(566, 1, 1, 30.1, '2017-11-18 06:30:01'),
(567, 2, 1, 64.8, '2017-11-18 06:30:01'),
(568, 3, 1, 174, '2017-11-18 06:30:01'),
(569, 4, 1, 1022, '2017-11-18 06:30:01'),
(570, 1, 1, 30.4, '2017-11-18 07:00:02'),
(571, 2, 1, 62.3, '2017-11-18 07:00:02'),
(572, 3, 1, 174, '2017-11-18 07:00:02'),
(573, 4, 1, 1022, '2017-11-18 07:00:02'),
(574, 1, 1, 30.4, '2017-11-18 07:30:01'),
(575, 2, 1, 61.5, '2017-11-18 07:30:01'),
(576, 3, 1, 175, '2017-11-18 07:30:01'),
(577, 4, 1, 1022, '2017-11-18 07:30:01'),
(578, 1, 1, 30.3, '2017-11-18 08:00:01'),
(579, 2, 1, 61.3, '2017-11-18 08:00:01'),
(580, 3, 1, 174, '2017-11-18 08:00:01'),
(581, 4, 1, 1022, '2017-11-18 08:00:01'),
(582, 1, 1, 30.2, '2017-11-18 08:30:01'),
(583, 2, 1, 61.2, '2017-11-18 08:30:02'),
(584, 3, 1, 173, '2017-11-18 08:30:02'),
(585, 4, 1, 1022, '2017-11-18 08:30:02'),
(586, 1, 1, 30.2, '2017-11-18 09:00:01'),
(587, 2, 1, 61, '2017-11-18 09:00:01'),
(588, 3, 1, 173, '2017-11-18 09:00:01'),
(589, 4, 1, 1022, '2017-11-18 09:00:01'),
(590, 1, 1, 30.2, '2017-11-18 09:30:02'),
(591, 2, 1, 61.1, '2017-11-18 09:30:02'),
(592, 3, 1, 175, '2017-11-18 09:30:02'),
(593, 4, 1, 1022, '2017-11-18 09:30:02'),
(594, 1, 1, 30.2, '2017-11-18 10:00:02'),
(595, 2, 1, 61.2, '2017-11-18 10:00:02'),
(596, 3, 1, 174, '2017-11-18 10:00:02'),
(597, 4, 1, 1022, '2017-11-18 10:00:02'),
(598, 1, 1, 30, '2017-11-18 10:30:01'),
(599, 2, 1, 61.3, '2017-11-18 10:30:01'),
(600, 3, 1, 175, '2017-11-18 10:30:01'),
(601, 4, 1, 1022, '2017-11-18 10:30:01'),
(602, 1, 1, 29.9, '2017-11-18 11:00:01'),
(603, 2, 1, 60.9, '2017-11-18 11:00:01'),
(604, 3, 1, 176, '2017-11-18 11:00:01'),
(605, 4, 1, 1022, '2017-11-18 11:00:01'),
(606, 1, 1, 29.8, '2017-11-18 11:30:02'),
(607, 2, 1, 58.3, '2017-11-18 11:30:02'),
(608, 3, 1, 174, '2017-11-18 11:30:02'),
(609, 4, 1, 1022, '2017-11-18 11:30:02'),
(610, 1, 1, 29.7, '2017-11-18 12:00:01'),
(611, 2, 1, 59.7, '2017-11-18 12:00:01'),
(612, 3, 1, 174, '2017-11-18 12:00:01'),
(613, 4, 1, 1022, '2017-11-18 12:00:01'),
(614, 1, 1, 29.8, '2017-11-18 12:30:01'),
(615, 2, 1, 59.5, '2017-11-18 12:30:01'),
(616, 3, 1, 174, '2017-11-18 12:30:01'),
(617, 4, 1, 1022, '2017-11-18 12:30:01'),
(618, 1, 1, 29.6, '2017-11-18 13:00:01'),
(619, 2, 1, 58.8, '2017-11-18 13:00:01'),
(620, 3, 1, 176, '2017-11-18 13:00:01'),
(621, 4, 1, 1022, '2017-11-18 13:00:01'),
(622, 1, 1, 29.4, '2017-11-18 13:30:01'),
(623, 2, 1, 57.9, '2017-11-18 13:30:01'),
(624, 3, 1, 175, '2017-11-18 13:30:01'),
(625, 4, 1, 1022, '2017-11-18 13:30:01'),
(626, 1, 1, 29.3, '2017-11-18 14:00:01'),
(627, 2, 1, 59.2, '2017-11-18 14:00:01'),
(628, 3, 1, 175, '2017-11-18 14:00:01'),
(629, 4, 1, 1022, '2017-11-18 14:00:01'),
(630, 1, 1, 28.8, '2017-11-18 14:30:02'),
(631, 2, 1, 59.4, '2017-11-18 14:30:02'),
(632, 3, 1, 177, '2017-11-18 14:30:02'),
(633, 4, 1, 1022, '2017-11-18 14:30:02'),
(634, 1, 1, 28.8, '2017-11-18 15:00:01'),
(635, 2, 1, 56.9, '2017-11-18 15:00:01'),
(636, 3, 1, 176, '2017-11-18 15:00:01'),
(637, 4, 1, 1022, '2017-11-18 15:00:01'),
(638, 1, 1, 28.8, '2017-11-18 15:30:02'),
(639, 2, 1, 55.3, '2017-11-18 15:30:02'),
(640, 3, 1, 174, '2017-11-18 15:30:02'),
(641, 4, 1, 1022, '2017-11-18 15:30:02'),
(642, 1, 1, 28.9, '2017-11-18 16:00:01'),
(643, 2, 1, 54.2, '2017-11-18 16:00:01'),
(644, 3, 1, 176, '2017-11-18 16:00:01'),
(645, 4, 1, 1022, '2017-11-18 16:00:01'),
(646, 1, 1, 28.9, '2017-11-18 16:30:01'),
(647, 2, 1, 54.7, '2017-11-18 16:30:01'),
(648, 3, 1, 176, '2017-11-18 16:30:01'),
(649, 4, 1, 1022, '2017-11-18 16:30:01'),
(650, 1, 1, 29.2, '2017-11-18 17:00:01'),
(651, 2, 1, 54.3, '2017-11-18 17:00:01'),
(652, 3, 1, 175, '2017-11-18 17:00:02'),
(653, 4, 1, 1022, '2017-11-18 17:00:02'),
(654, 1, 1, 29.3, '2017-11-18 17:30:01'),
(655, 2, 1, 54.7, '2017-11-18 17:30:01'),
(656, 3, 1, 176, '2017-11-18 17:30:01'),
(657, 4, 1, 1022, '2017-11-18 17:30:01'),
(658, 1, 1, 29.9, '2017-11-18 18:00:02'),
(659, 2, 1, 52.2, '2017-11-18 18:00:02'),
(660, 3, 1, 175, '2017-11-18 18:00:02'),
(661, 4, 1, 1022, '2017-11-18 18:00:02'),
(662, 1, 1, 30.6, '2017-11-18 19:00:01'),
(663, 2, 1, 50.5, '2017-11-18 19:00:01'),
(664, 3, 1, 174, '2017-11-18 19:00:01'),
(665, 4, 1, 1022, '2017-11-18 19:00:01'),
(666, 1, 1, 31, '2017-11-18 19:30:01'),
(667, 2, 1, 49.8, '2017-11-18 19:30:01'),
(668, 3, 1, 173, '2017-11-18 19:30:01'),
(669, 4, 1, 1022, '2017-11-18 19:30:01'),
(670, 1, 1, 31.5, '2017-11-18 20:00:01'),
(671, 2, 1, 48.5, '2017-11-18 20:00:01'),
(672, 3, 1, 174, '2017-11-18 20:00:01'),
(673, 4, 1, 1022, '2017-11-18 20:00:01'),
(674, 1, 1, 30.4, '2017-11-20 23:46:48'),
(675, 2, 1, 55.7, '2017-11-20 23:46:48'),
(676, 3, 1, 96, '2017-11-20 23:46:48'),
(677, 4, 1, 1019, '2017-11-20 23:46:48'),
(678, 1, 1, 30.4, '2017-11-20 23:57:53'),
(679, 2, 1, 55.8, '2017-11-20 23:57:53'),
(680, 3, 1, 97, '2017-11-20 23:57:53'),
(681, 4, 1, 1019, '2017-11-20 23:57:53'),
(682, 1, 1, 30.4, '2017-11-21 00:22:01'),
(683, 2, 1, 56.6, '2017-11-21 00:22:01'),
(684, 3, 1, 97, '2017-11-21 00:22:01'),
(685, 4, 1, 1019, '2017-11-21 00:22:01'),
(686, 1, 1, 30.4, '2017-11-21 00:23:02'),
(687, 2, 1, 56.7, '2017-11-21 00:23:02'),
(688, 3, 1, 95, '2017-11-21 00:23:02'),
(689, 4, 1, 1019, '2017-11-21 00:23:02'),
(690, 1, 1, 30.3, '2017-11-21 00:28:02'),
(691, 2, 1, 56.8, '2017-11-21 00:28:02'),
(692, 3, 1, 96, '2017-11-21 00:28:02'),
(693, 4, 1, 1019, '2017-11-21 00:28:02');

-- --------------------------------------------------------

--
-- Table structure for table `sensores`
--

CREATE TABLE `sensores` (
  `id_sensores` int(10) NOT NULL,
  `nombre_sensor` varchar(50) NOT NULL,
  `unidad` varchar(10) NOT NULL
) ENGINE=InnoDB DEFAULT CHARSET=utf8mb4;

--
-- Dumping data for table `sensores`
--

INSERT INTO `sensores` (`id_sensores`, `nombre_sensor`, `unidad`) VALUES
(1, 'Temperatura', 'Grados'),
(2, 'Humedad', 'Porcentaje'),
(3, 'Profundidad', 'Metros'),
(4, 'Humedad_suelo', 'Porcentaje');

-- --------------------------------------------------------

--
-- Table structure for table `usuarios`
--

CREATE TABLE `usuarios` (
  `id_usuario` int(10) NOT NULL,
  `nombre` varchar(50) NOT NULL,
  `clave` varchar(50) NOT NULL,
  `correo` varchar(50) NOT NULL,
  `super_usuario` tinyint(1) NOT NULL
) ENGINE=InnoDB DEFAULT CHARSET=utf8mb4;

--
-- Dumping data for table `usuarios`
--

INSERT INTO `usuarios` (`id_usuario`, `nombre`, `clave`, `correo`, `super_usuario`) VALUES
(1, 'administrador', 'colima', 'lchavez@rootsecurity.team', 1);

--
-- Indexes for dumped tables
--

--
-- Indexes for table `alarmas`
--
ALTER TABLE `alarmas`
  ADD PRIMARY KEY (`id`),
  ADD KEY `id_arduino` (`id_arduino`),
  ADD KEY `id_sensor` (`id_sensor`);

--
-- Indexes for table `alarmas_configuracion`
--
ALTER TABLE `alarmas_configuracion`
  ADD PRIMARY KEY (`id`),
  ADD KEY `id_arduino` (`id_arduino`),
  ADD KEY `id_sensores` (`id_sensores`);

--
-- Indexes for table `arduinos`
--
ALTER TABLE `arduinos`
  ADD PRIMARY KEY (`id_arduinos`);

--
-- Indexes for table `mediciones`
--
ALTER TABLE `mediciones`
  ADD PRIMARY KEY (`id_mediciones`),
  ADD KEY `id_sensor` (`id_sensor`),
  ADD KEY `id_arduino` (`id_arduino`);

--
-- Indexes for table `sensores`
--
ALTER TABLE `sensores`
  ADD PRIMARY KEY (`id_sensores`);

--
-- Indexes for table `usuarios`
--
ALTER TABLE `usuarios`
  ADD PRIMARY KEY (`id_usuario`);

--
-- AUTO_INCREMENT for dumped tables
--

--
-- AUTO_INCREMENT for table `alarmas`
--
ALTER TABLE `alarmas`
  MODIFY `id` int(11) NOT NULL AUTO_INCREMENT, AUTO_INCREMENT=2;
--
-- AUTO_INCREMENT for table `alarmas_configuracion`
--
ALTER TABLE `alarmas_configuracion`
  MODIFY `id` int(11) NOT NULL AUTO_INCREMENT, AUTO_INCREMENT=3;
--
-- AUTO_INCREMENT for table `arduinos`
--
ALTER TABLE `arduinos`
  MODIFY `id_arduinos` int(10) NOT NULL AUTO_INCREMENT, AUTO_INCREMENT=2;
--
-- AUTO_INCREMENT for table `mediciones`
--
ALTER TABLE `mediciones`
  MODIFY `id_mediciones` int(11) NOT NULL AUTO_INCREMENT, AUTO_INCREMENT=694;
--
-- AUTO_INCREMENT for table `sensores`
--
ALTER TABLE `sensores`
  MODIFY `id_sensores` int(10) NOT NULL AUTO_INCREMENT, AUTO_INCREMENT=5;
--
-- AUTO_INCREMENT for table `usuarios`
--
ALTER TABLE `usuarios`
  MODIFY `id_usuario` int(10) NOT NULL AUTO_INCREMENT, AUTO_INCREMENT=2;
--
-- Constraints for dumped tables
--

--
-- Constraints for table `alarmas`
--
ALTER TABLE `alarmas`
  ADD CONSTRAINT `alarmas_ibfk_1` FOREIGN KEY (`id_arduino`) REFERENCES `arduinos` (`id_arduinos`),
  ADD CONSTRAINT `alarmas_ibfk_2` FOREIGN KEY (`id_sensor`) REFERENCES `sensores` (`id_sensores`);

--
-- Constraints for table `alarmas_configuracion`
--
ALTER TABLE `alarmas_configuracion`
  ADD CONSTRAINT `alarmas_configuracion_ibfk_1` FOREIGN KEY (`id_arduino`) REFERENCES `arduinos` (`id_arduinos`),
  ADD CONSTRAINT `alarmas_configuracion_ibfk_2` FOREIGN KEY (`id_sensores`) REFERENCES `sensores` (`id_sensores`);

--
-- Constraints for table `mediciones`
--
ALTER TABLE `mediciones`
  ADD CONSTRAINT `mediciones_ibfk_1` FOREIGN KEY (`id_sensor`) REFERENCES `sensores` (`id_sensores`),
  ADD CONSTRAINT `mediciones_ibfk_2` FOREIGN KEY (`id_arduino`) REFERENCES `arduinos` (`id_arduinos`);

/*!40101 SET CHARACTER_SET_CLIENT=@OLD_CHARACTER_SET_CLIENT */;
/*!40101 SET CHARACTER_SET_RESULTS=@OLD_CHARACTER_SET_RESULTS */;
/*!40101 SET COLLATION_CONNECTION=@OLD_COLLATION_CONNECTION */;
